[{"name":"Example Adventure 1","numEncounters":3,"allEncounters":[{"monsters":[{"name":"Snaga","challenge":"Minion","experience":2,"hitPoints":4,"initiative":0,"damageDice":"d4","damageType":"Physical"},{"name":"Goblin Captain","challenge":"Lieutenant","experience":10,"hitPoints":10,"initiative":1,"damageDice":"d8","damageType":"Physical"},{"name":"Olog-hai","challenge":"Lieutenant","experience":40,"hitPoints":52,"initiative":0,"damageDice":"d12","damageType":"Physical"}],"numberMonsters":[3,1,2]},{"monsters":[{"name":"Ent","challenge":"Minion","experience":11,"hitPoints":35,"initiative":-3,"damageDice":"d10","damageType":"Physical"}],"numberMonsters":[1]},{"monsters":[{"name":"Balrog","challenge":"Boss","experience":120,"hitPoints":74,"initiative":2,"damageDice":"d20","damageType":"Magical"}],"numberMonsters":[1]}]},{"name":"Easy Adventure","numEncounters":2,"allEncounters":[{"monsters":[{"name":"Goblin","challenge":"Minion","experience":2,"hitPoints":5,"initiative":0,"damageDice":"d4","damageType":"Physical"}],"numberMonsters":[1]},{"monsters":[{"name":"Snaga","challenge":"Minion","experience":2,"hitPoints":4,"initiative":0,"damageDice":"d4","damageType":"Physical"}],"numberMonsters":[1]}]},{"name":"Adventure Easy","numEncounters":2,"allEncounters":[{"monsters":[{"name":"Goblin","challenge":"Minion","experience":2,"hitPoints":5,"initiative":0,"damageDice":"d4","damageType":"Physical"}],"numberMonsters":[1]},{"monsters":[{"name":"Snaga","challenge":"Minion","experience":2,"hitPoints":4,"initiative":0,"damageDice":"d4","damageType":"Physical"}],"numberMonsters":[1]}]}]