[{"dice":{},"name":"Caranthir","player":"SonsOfFeanor","body":2,"mind":0,"spirit":1,"characterClass":"Warrior","xp":300,"level":4,"hitPoints":48,"damageType":"Physical","maxHP":48},{"dice":{},"name":"Elendil","player":"Eru Ilúvatar","body":1,"mind":3,"spirit":2,"characterClass":"Warrior","xp":300,"level":4,"hitPoints":44,"damageType":"Physical","maxHP":44},{"dice":{},"name":"Fëanor","player":"SonsOfFeanor","body":1,"mind":1,"spirit":2,"characterClass":"Warrior","xp":400,"level":5,"hitPoints":55,"damageType":"Physical","maxHP":55},{"dice":{},"name":"Finrod Felagund","player":"Eru Il£vatar","body":3,"mind":3,"spirit":0,"characterClass":"Adventurer","xp":100,"level":2,"hitPoints":26,"damageType":"Physical","maxHP":26},{"dice":{},"name":"Galadriel","player":"Eru Ilúvatar","body":-1,"mind":2,"spirit":2,"characterClass":"Adventurer","xp":100,"level":2,"hitPoints":18,"damageType":"Physical","maxHP":18},{"dice":{},"name":"Hellboy","player":"ComicSans","body":0,"mind":-1,"spirit":2,"characterClass":"Adventurer","xp":100,"level":2,"hitPoints":20,"damageType":"Physical","maxHP":20},{"dice":{},"name":"Jinx","player":"IPlayLOLInClass","body":-1,"mind":2,"spirit":2,"characterClass":"Adventurer","xp":0,"level":1,"hitPoints":9,"damageType":"Physical","maxHP":9},{"dice":{},"name":"Luke Skywalker","player":"Lucas Films","body":-1,"mind":0,"spirit":-1,"characterClass":"Warrior","xp":300,"level":4,"hitPoints":36,"damageType":"Physical","maxHP":36},{"dice":{},"name":"Maedhros","player":"SonsOfFeanor","body":0,"mind":-1,"spirit":2,"characterClass":"Warrior","xp":300,"level":4,"hitPoints":40,"damageType":"Physical","maxHP":40},{"dice":{},"name":"Niënor Níniel","player":"Eru Ilúvatar","body":3,"mind":0,"spirit":1,"characterClass":"Adventurer","xp":100,"level":2,"hitPoints":26,"damageType":"Physical","maxHP":26},{"dice":{},"name":"Percival Fredrickstein von Musel Klossowski de Rolo III","player":"Critter9","body":1,"mind":-1,"spirit":1,"characterClass":"Warrior","xp":400,"level":5,"hitPoints":55,"damageType":"Physical","maxHP":55},{"dice":{},"name":"Túrin Turambar","player":"Eru Ilúvatar","body":1,"mind":2,"spirit":2,"characterClass":"Adventurer","xp":200,"level":3,"hitPoints":33,"damageType":"Physical","maxHP":33},{"dice":{},"name":"Vi","player":"IPlayLOLInClass","body":0,"mind":2,"spirit":-1,"characterClass":"Champion","xp":800,"level":9,"hitPoints":90,"damageType":"Physical","maxHP":90},{"dice":{},"name":"Amrod","player":"SonsOfFeanor","body":2,"mind":0,"spirit":1,"characterClass":"Warrior","xp":500,"level":6,"hitPoints":72,"damageType":"Physical","maxHP":72},{"shield":0,"dice":{},"name":"Matthias The Wizard","player":"Rob","body":1,"mind":1,"spirit":2,"characterClass":"Wizard","xp":600,"level":7,"hitPoints":77,"damageType":"Magical","maxHP":77},{"dice":{},"name":"Ritik Jasial","player":"riri","body":3,"mind":1,"spirit":1,"characterClass":"Paladin","xp":900,"level":10,"hitPoints":130,"damageType":"Psychical","maxHP":130},{"dice":{},"name":"Chelow The Rundoabout","player":"teke","body":2,"mind":1,"spirit":0,"characterClass":"Cleric","xp":200,"level":3,"hitPoints":36,"damageType":"Psychical","maxHP":36},{"dice":{},"name":"Curufin","player":"SonsOfFeanor","body":1,"mind":11,"spirit":5,"characterClass":"Champion","xp":743,"level":8,"hitPoints":96,"damageType":"Physical","maxHP":104}]